model,MAE,MAPE
Naive (last value),292.28950000000015,35.89941474984254
Moving average (k=3),301.7190247768251,35.02549954181968
