min,q1,median,mean,q3,max,sd
0,648.1875000000002,865.8245000000002,892.5420714285716,1061.5800000000004,1856.8149999999991,338.8439082049486
