category,total_sales
N02BE,62477.94500000001
N05B,18348.300000000003
R03,11737.25
M01AB,10499.440000000004
M01AE,8156.000000000004
N02BA,8051.458999999996
R06,6066.380000000001
N05C,1249
